{
    "lr": 0.00015465041242524035,
    "sb": 0.1237745028815143,
    "q_min": 0.402200635027302,
    "m_L_ec": 3,
    "m_L_hc": 3,
    "m_e_dim": 4,
    "m_h_dim": 5,
    "rlw_edge": 9.724314205420344,
    "optimizer": "sgd",
    "scheduler": "steplr",
    "batch_size": 1,
    "m_alpha_ec": 0.5,
    "m_alpha_hc": 0.5,
    "m_h_outdim": 2,
    "focal_alpha": 0.25,
    "focal_gamma": 2,
    "attr_pt_thld": 0,
    "m_hidden_dim": 116,
    "sgd_momentum": 0.924156669691066,
    "sgd_nesterov": false,
    "steplr_gamma": 0.22458444115740697,
    "sgd_dampening": 0,
    "sgd_weight_decay": 0,
    "steplr_step_size": 2,
    "m_feed_edge_weights": true,
    "rlw_potential_repulsive": 2.1784381633400933,
    "rlw_potential_attractive": 9.889861321497472
}
