{
    "lr": 0.0003640386078772556,
    "sb": 0.14219587966015457,
    "test": false,
    "q_min": 0.4220881041839594,
    "m_L_ec": 3,
    "m_L_hc": 3,
    "focal_alpha": 0.95,
    "focal_gamma": 5,
    "m_hidden_dim": 116,
    "lw_edge": 100,
    "lw_background": 0.05,
    "lw_potential_repulsive": 58,
    "lw_potential_attractive": 290
}
