{
  "lr": 0.0003640386078772556,
  "lw_background": 0.05,
  "lw_edge": 500,
  "lw_potential_attractive": 372.8324748819218,
  "lw_potential_repulsive": 62.889841659481846,
  "m_L_ec": 3,
  "m_L_hc": 3,
  "m_hidden_dim": 116,
  "q_min": 0.4220881041839594,
  "sb": 0.14219587966015457,
  "test": false,
  "focal_gamma": 5.0,
  "focal_alpha": 0.95
}
