{
  "focal_alpha": 0.95,
  "focal_gamma": 5.0,
  "lr": 0.0003640386078772556,
  "m_L_ec": 3,
  "m_L_hc": 3,
  "m_hidden_dim": 116,
  "q_min": 0.4220881041839594,
  "sb": 0.14219587966015457,
  "test": false
}
